flight_id,booking_id,name,gender
DX28,28970,Silvano Franzke,M
DX28,28001,Thibaud Dunton,M
DX28,28297,Lisha Olenichev,F
DX28,28336,Raviv Haysar,M
DX28,28974,Rodrick Tokell,M
DX28,28763,Ingamar Dymond,M
DX28,28703,Skipp D'Ambrogi,M
DX28,28365,Elliot Leband,M
DX28,28674,Bonni Stannis,F
DX28,28837,Westley Avarne,M
DX28,28516,Elbert Marson,M
DX28,28208,Christina Camilleri,F
DX28,28064,Dunn Polglase,M
DX28,28326,Magdaia Henrie,F
DX28,28193,Dewain Erwin,M
DX28,28367,Freddy Peniello,M
DX28,28086,Haroun Tudor,M
DX28,28221,Thatcher Pfeffer,M
DX28,28112,Delcina Splevins,F
DX28,28519,York Higounet,M
DX28,28547,Ab Mairs,M
DX28,28784,Ralina Margrett,F
DX28,28795,Lanie Probart,M
DX28,28971,Ivor Sissel,M
DX28,28220,Jaclyn Udall,F
DX28,28723,Maegan Vicarey,F
DX28,28518,Sherill Harsnipe,F
DX28,28525,Joan Tetley,F
DX28,28849,Mitzi Hansed,F
DX28,28764,Obidiah Lamkin,M
DX28,28860,Aeriela Dmytryk,F
DX28,28036,Kylen Fadian,F
DX28,28326,Rayshell Anfusso,F
DX28,28331,Chryste Jakubowski,F
DX28,28597,Nessie Richards,F
DX28,28275,Corabella Zavittieri,F
DX28,28209,Beret Culverhouse,F
DX28,28919,Hildy Beckingham,F
DX28,28307,Vivyan Rollo,F
DX28,28390,Patricio Deplacido,M
DX28,28481,Simon Duffan,M
DX28,28963,Willi Vaneschi,M
DX28,28479,Dacie Davidescu,F
DX28,28012,Eugene Dainton,M
DX28,28868,Gardy Mangon,M
DX28,28712,Dionis Toward,F
DX28,28942,Dorie Headly,F
DX28,28207,Kelvin Fry,M
DX28,28218,Klement Eronie,M
DX28,28746,Hashim Swyre,M
DX28,28737,Bartlett Robun,M
DX28,28613,Roselia Coners,F
DX28,28842,Skyler Lafaye,M
DX28,28376,Cecile Colcomb,F
DX28,28287,Alida Chaffin,F
DX28,28496,Flo Huxham,F
DX28,28033,Barth MacKean,M
DX28,28400,Gloriana Yaldren,F
DX28,28126,Clarinda Menlow,F
DX28,28056,Colly Cirlos,F
DX28,28785,Bucky Klainman,M
DX28,28918,Adolpho Chipping,M
DX28,28482,Phil Badwick,F
DX28,28482,Hart Llop,M
DX28,28336,Nathanial Gandy,M
DX28,28527,Sigvard Benediktsson,M
DX28,28137,Karlens Kauscher,M
DX28,28402,Royall Roiz,M
DX28,28986,Bert Wieprecht,F
DX28,28899,Laurie Simony,M
DX28,28739,Baryram Rannells,M
DX28,28453,Katharine Bamford,F
DX28,28367,Kitti Marven,F
DX28,28117,Leela Brennen,F
DX28,28018,Kalina Szymanowicz,F
DX28,28206,Chalmers Hardwell,M
DX28,28352,Ester Dowrey,F
DX28,28245,Jedidiah Calderon,M
DX28,28842,Stewart Howler,M
DX28,28517,Agnella Coldman,F
DX28,28555,Lenore Hingeley,F
DX28,28456,Ruthie Bracci,F
DX28,28972,Perice Waymont,M
DX28,28527,Collette Taillant,F
DX28,28481,Jacques Valencia,M
DX28,28947,Erwin Gylle,M
DX28,28769,Rogers Burwin,M
DX28,28029,Cordie Bourdel,F
DX28,28969,Oran Chsteney,M
DX28,28686,Gannon Gillhespy,M
DX28,28267,Thatch Masdon,M
DX28,28841,Pepita Ruckman,F
DX28,28591,Gilburt Attwill,M
DX28,28381,Berne Kiledal,M
DX28,28431,Jarret Smitheman,M
DX28,28644,Renelle Roft,F
DX28,28413,Milli Bing,F
DX28,28396,Bab Goves,F
DX28,28260,Yettie Fishbourn,F
DX28,28366,Martelle Yepiskopov,F
DX28,28954,Florie Miklem,F
DX28,28217,Franny Stoeck,M
DX28,28698,Jana Addyman,F
DX28,28256,Ceil Lettuce,F
DX28,28645,Linell Kowal,F
DX28,28355,Basile Minall,M
DX28,28725,Skipton Giacovelli,M
DX28,28679,Cchaddie Coupar,M
DX28,28834,Katleen Cissell,F
DX28,28884,Claire Uebel,F
DX28,28813,Emlynne Prandoni,F
DX28,28276,Blake Silley,F
DX28,28359,Dougy Cliss,M
DX28,28423,Ignacius Teligin,M
DX28,28210,Tonnie Yon,M
DX28,28860,Tobin Spindler,M
DX28,28384,Missie Limming,F
DX28,28858,Thomasa Smyley,F
DX28,28208,Anette Pembry,F
DX28,28157,Min Odegaard,F
